{"cameraMode":{"drawMode":0,"name":"Shaded","section":"Shading Mode"},"sceneLighting":false,"audioPlay":false,"sceneViewState":{"m_AlwaysRefresh":false,"showFog":true,"showSkybox":false,"showFlares":true,"showImageEffects":true,"showParticleSystems":true,"showVisualEffectGraphs":true,"m_FxEnabled":true},"in2DMode":false,"pivot":{"x":-0.022301290184259416,"y":0.021656423807144166,"z":-0.0014105290174484254},"rotation":{"x":-0.025187861174345018,"y":0.9731618165969849,"z":-0.1879744678735733,"w":-0.13039612770080567},"size":0.10906421393156052,"orthographic":false}