{"cameraMode":{"drawMode":0,"name":"Shaded","section":"Shading Mode"},"sceneLighting":false,"audioPlay":false,"sceneViewState":{"m_AlwaysRefresh":false,"showFog":true,"showSkybox":false,"showFlares":true,"showImageEffects":true,"showParticleSystems":true,"showVisualEffectGraphs":true,"m_FxEnabled":true},"in2DMode":false,"pivot":{"x":1.1920928955078126e-7,"y":0.5500521659851074,"z":0.014608487486839295},"rotation":{"x":0.0013922721846029163,"y":0.9569992423057556,"z":-0.2900773882865906,"w":0.004594684578478336},"size":1.0274525880813599,"orthographic":false}