{"cameraMode":{"drawMode":0,"name":"Shaded","section":"Shading Mode"},"sceneLighting":true,"audioPlay":false,"sceneViewState":{"m_AlwaysRefresh":false,"showFog":true,"showSkybox":true,"showFlares":true,"showImageEffects":true,"showParticleSystems":true,"showVisualEffectGraphs":true,"m_FxEnabled":true},"in2DMode":false,"pivot":{"x":21.889524459838868,"y":10.682426452636719,"z":3.852759838104248},"rotation":{"x":0.002495376393198967,"y":0.9183825850486755,"z":-0.39567822217941286,"w":0.0057845222763717178},"size":0.7813276648521423,"orthographic":false}